metric,value
train_cross_entropy_loss,0.537266
train_cross_entropy_loss_running_last_epoch,0.570817
validation_cross_entropy_loss,0.556769
train_perplexity,1.71132
validation_perplexity,1.74503
validation_bits_per_character,0.803248
generalization_gap_val_minus_train,0.0195035
top1_next_char_accuracy_val,0.821743
top1_next_char_accuracy_train,0.826884
distinct_1_word,0.343701
distinct_2_word,0.799373
distinct_3_word,0.935229
repeated_4gram_rate_word,0.00938191
repeated_4gram_rate_word_greedy,0.0616279
grad_norm_mean,0.271998
grad_norm_p99,1.04822
grad_norm_max,16.8126
loss_spikes_gt_1.5x_ema,0
nan_or_inf_loss_steps,0
nonfinite_grad_steps,0
parameter_count,10776192
training_tokens_per_sec,440474
generation_tokens_per_sec,120.564
peak_gpu_memory_gb,3.48093
total_training_time_min,33.9001
epochs_trained,10
best_epoch,10
vocab_size,79
device,NVIDIA GeForce RTX 5090
