category,test_index,true_label,p_positive,text,error_type,notes_and_fix
confident_false_positive,3163,0,1.0000,What I love about Rubios' is that they always have beer. Always.  That is all I love though...,,
confident_false_positive,17640,0,1.0000,of all the buffets I had in Vegas this was my least favorite!,,
confident_false_positive,20681,0,1.0000,Large variety,,
confident_false_positive,4742,0,0.9999,I have found them to be less than accomodating or helpful.,,
confident_false_positive,23566,0,0.9999,"fast,  a little toooo fast",,
confident_false_negative,1131,1,0.0000,The margaritas wont do ya dirty!,,
confident_false_negative,19622,1,0.0001,"If you don't \""""get it,\"""" I'm \""""sorry.\""""  Peel Pub... I shall forever *heart* you.  _C$",,
confident_false_negative,29123,1,0.0001,It was OK. But the bread is what made me give it four stars,,
confident_false_negative,33573,1,0.0002,"For being a DUMP, should expect much more.  Flys, stink, garbage, dirt, and everything that comes with.  Salt River... Keepin it real dumpy!",,
confident_false_negative,30569,1,0.0002,"Cheap drinks, arcade games and corn hole. Nothing fancy, nothing pretentious. You could do worse.",,
near_threshold,27654,1,0.4998,"They have changed their name to Eforea. Bought a groupon when I found out we were gonna stay at this Hilton, what a deal! I was kind of surprised at how small this facility is. There was no jacuzzi inside. They only have the one outside for all guests, but it was cold and raining so we couldn't use it. Lounge area seats about 12 people. It's not the type of spa that you could spend many hours in. Steam room was really nice. They also have a nail salon. If I had paid full price I would have been disappointed. I've gotten other treatments at hotels on the strip and they have huge facilities that you could send all day in with indoor jacuzzis and multiple types of steam rooms lots of snacks, drinks and reading material.",,
near_threshold,25030,0,0.5002,Why are your lines so long? Worked in retail for many years and really think you can do better.,,
near_threshold,15501,0,0.5003,"Raised prices and coupons don,t include any 12 inch sandwich specials. Used to buy here weekly but no longer can afford it especially with the fact that they give less meat and cheese then Port of Subs.",,
near_threshold,20710,0,0.5006,"I always wanted to kick back at a bar made of ice. It didn't feel like a winter wonderland at all though. Met a lot of super nice people and had great conversation but also drank some very average cocktails and left feeling cheated. It would have been awesome if we could freely use our phones and if there was something to do inside in addition to ordering a drink, standing, dancing, and sitting down. People weren't really in a dancing mood. I won't come back.",,
near_threshold,1731,1,0.4993,"Sky Harbor is a good airport, it really is, but no match for my beloved Tucson International. I can't recall many poor experiences here, thank god! It's easy to get through, not too massive, nor too small (but Iike small). It's a pleasant airport. But Sky Harbor smells like Cinnabon and Burger King on every corner and every terminal, so I'm sorry, but I'm knocking a star for that! I don't mind the pizza hut smell though :) If Sky Harbor got a little facelift in the food department, I'd be glad to give a sold 5 stars!",,
slice: contains negation,2338,0,0.7068,"Not my favorite place. I went today to get added RAM for my MAC computer. I was unable to purchase this at the apple store due the fact that apple only carries current stuff in their store bc space is limited. The guy that was helping at Best Buy, not friendly, not knowledgable, unable to answer questions I had. Needless to say, I did not purchase from Best Buy. Off to Frys electronics I go.",,
slice: contains negation,7602,0,0.5409,"This Hotel  -  along with the rest of Las Vegas - has gone too extreme with the Security...  One Bicycle Security Guard ( Joseph ) followed me around the parking lot. So, because of my experience with Joe the security guard -  I took my gambling money elsewhere...and  - Just like other reviewers have written - on another day -  I was asked for my ID... Hey, Las Vegas! I am on Vacation! ...Not visiting a third world socialist country!!! This is still America right??? I go to a Casino to have a fun experience - not to be treated like this.",,
slice: contains negation,16635,1,0.4450,And then the century old battle of Home Depot vrs Lowes commenced. And.. the girl that was forced to go to both did not see a difference.  I think you grow up with one and just like it?  For me I love how everyone is helpful and you can be as vague as possible and they can find what you need. thing such as: Hole in wall. Need stuff for the hole. is suffice.,,
slice: contains negation,13974,1,0.4428,"I've never had falafel from anywhere but P.J and H.B (in Tempe) before, but when a friend of mine wanted to meet me for lunch here on Monday, I jumped at the chance to try a new place.   I ordered the falafel pita (of course) and a choice of soup or salad came with the meal.  I opted for the salad.  Both the salad and falafel were tasty.   Price for my meal - Under $6   My only gripe is when I was asked what I wanted to drink after I sat down.  Our food came out, and yet I was still without a beverage.  So, I asked again for a glass of water.  Finally 5 minutes later, she brought me a glass.    Other than the beverage oversight, everything was great.",,
slice: contains negation,29563,0,0.5964,"They totally ruin the browsing experience of a library by not organizing the non fiction section into general subjects i.e. Cookery.  It's alphabetically done so you have to go the 'V' shelf to go to the vegan cookbooks.  Free WiFi didn't go through on my pc.  Plenty of parking though.  Even though it is a bigger building, it has less books than the Sahara library.",,
