sample_id,source_photo
54b9b919,1097dcc82e.jpg
32887b25,e8e02ca944.jpg
e10787bd,29d335a6a9.jpg
a61edd7c,611ce907ee.jpg
9f12e8c1,5305c4063a.jpg
f778be58,84fd2747e7.jpg
a9ba0064,cb706347dd.jpg
3f27a31d,6233033047.jpg
1ce94595,816cf329c2.jpg
d7eb79f1,5a086eb4d4.jpg
d577f3d7,402da39edd.jpg
f729be4d,517eba9d0a.jpg
d3ef06b9,50f598c729.jpg
12a76ba8,6e17babca8.jpg
2f6a22c8,c63612e996.jpg
ea807a10,efcabd7b97.jpg
26b05fdb,ffbdd43bfb.jpg
99169015,ea965a1eba.jpg
5ae4ce75,dcca4f8bb6.jpg
ab51f028,f5ffe2e92d.jpg
03778be9,33084e742e.jpg
eb7e963e,723d373aa3.jpg
160f788f,15cca6975b.jpg
cd980586,8d395f773d.jpg
f146795d,6f68219972.jpg
d804d02f,15a9b54b5f.jpg
b1feda52,fac89a2440.jpg
a44f8ae8,90cbc5b0a2.jpg
ebc48f3b,d6086a2b97.jpg
f6b163f5,500d59cf86.jpg
